Pets Way Air Mesh Harness for Puppies & Small Dogs (Red)	XS|S|M|L	773	899	Pets_Way_Air_Mesh_Harness_for_Puppies_Small_Dogs_Red.jpg?v=1777895728
Pets Way Air Mesh Harness for Puppies & Small Dogs (Grey)	XS|S|M|L	773	899	Pets_Way_Air_Mesh_Harness_for_Puppies_Small_Dogs_Grey.jpg?v=1777895560
Pets Way Air Mesh Harness for Puppies & Small Dogs (Neon)	XS|S|M|L	773	899	Pets_Way_Air_Mesh_Harness_for_Puppies_Small_Dogs_Neon.jpg?v=1777895424
Pets Way Air Mesh Harness for Puppies & Small Dogs (Yellow)	XS|S|M|L	773	899	Pets_Way_Air_Mesh_Harness_for_Puppies_Small_Dogs_Yellow.jpg?v=1777895069
Pets Way Air Mesh Harness for Puppies & Small Dogs (Blue)	XS|S|M|L	773	899	Solid_7.jpg?v=1778494045
Skatrs Adjustable Collar for Dogs (Flamingo Pink)	S|M|L	299	599	pet-image-gen-1775587717461-0.png?v=1775586845
Skatrs Adjustable Collar for Dogs (Ruby Red)	S|M|L	299	599	pet-image-gen-1775587717461-1.png?v=1775586896
Skatrs Adjustable Collar for Dogs (Aqua Teal)	S|M|L	299	599	pet-image-gen-1775587717461-1_2.png?v=1775586953
Skatrs Adjustable Collar for Dogs (Cosmic Purple)	S|M|L	299	599	pet-image-gen-1775587717461-1_1.png?v=1775587018
Skatrs 3 in 1 Adjustable Leash for Dogs (Ruby Red)	S|M|L	749	899	pet-image-edit-1776334657233_1.png?v=1776335875
Skatrs 3 in 1 Adjustable Leash for Dogs (Flamingo Pink)	S|M|L	749	899	pet-image-gen-1775663240998-0_034834ab-2f1b-4510-9d44-1f342f9982e3.png?v=1776333726
Skatrs 3 in 1 Adjustable Leash for Dogs (Aqua Teal)	S|M|L	749	899	pet-image-edit-1776334300821.png?v=1776333759
Skatrs 3 in 1 Adjustable Leash for Dogs (Cosmic Purple)	S|M|L	749	899	pet-image-edit-1776334669865_d442509d-2aa4-4f12-953f-dbdb616fdcd5.png?v=1776426649
Skatrs Fully Padded Harness for Dogs (Ruby Red)	S|M|L	799	999	pet-image-edit-1775583542130.png?v=1775582951
Skatrs Fully Padded Harness for Dogs (Flamingo Pink)	S|M|L	799	999	pet-image-gen-1775584909351-0.png?v=1775584266
Skatrs Fully Padded Harness for Dogs (Aqua Teal)	S|M|L	799	999	pet-image-edit-1775586901363.png?v=1775585889
Skatrs Fully Padded Harness for Dogs (Cosmic Purple)	S|M|L	799	999	pet-image-edit-1775586029977.png?v=1775585024
Skatrs Police K9 Harness for Dogs (Orange)	S|M|L|XL	499	999	pet-image-gen-1766389532680-1.png?v=1766389786
Skatrs Police K9 Harness for Dogs (Red)	S|M|L|XL	499	999	pet-image-edit-1764682144038.png?v=1764681482
Skatrs Harness with Leash for Cats (Black)	Neck:19-27in	299	999	90.webp?v=1741692314
Skatrs Harness with Leash for Cats (Red)	Neck:19-27in	299	999	Frame_6_51_0958046a-ebe5-4b3d-8512-01c7edb93a7c.png?v=1764067520
Skatrs Everyday Ready Harness & Leash Set for Small Breed Dogs & Cats (Blue)	S|M|L	449	899	148_50491a55-f536-4153-bb12-174a0aff70c5.png?v=1743250631
Skatrs Everyday Ready Harness & Leash Set for Small Breed Dogs & Cats (Pink)	S|M|L	449	899	147_3f43606e-af05-4fe2-bb7f-04cb05fa5078.png?v=1743250935
Skatrs Fully Padded Comfort Reflective Harness for Dogs & Cats (Black)	S|M|L|XL	699	1999	Frame_6_73_d1cade77-4d30-4c14-ad60-a0ec9937ed14.png?v=1764073756
Skatrs Fully Padded Comfort Reflective Harness for Dogs & Cats (Orange)	S|M|L|XL	699	1999	Frame_6_74_48066c0f-7f26-48a2-a505-b59267cfc686.png?v=1764073921
Skatrs Fully Padded Comfort Reflective Harness for Dogs & Cats (Blue)	S|M|L|XL	699	1999	Frame_6_72_089be4b1-94f4-485e-88aa-f64d341a04bb.png?v=1764073615
Talking Dog Club Checkmate Leash and Collar Combo (Purple)	M/L	1499	1651	Photoroom_20260511_103814_1.png?v=1779861541
Talking Dog Club Checkmate Leash and Collar Combo (Blue)	M/L	1499	1651	Frame_1707487333_1f210d8c-80e6-4c04-9e6f-20be8fdded73.png?v=1779861519
Talking Dog Club Checkmate Leash and Collar Combo (Pink)	M/L	1499	1651	Frame1707487332_1.png?v=1779783392
Pawpourri Nylon Webbing Leash & Collar for Cats & Dogs (Turquoise)	S/M|M/L	849	1049	image4192_9c35dc1e-8954-473b-a593-943c258e61c7.png?v=1770719667
Pawpourri Nylon Webbing Leash & Collar for Cats & Dogs (Red)	S/M|M/L	849	1049	image4193_ea4fb040-53a9-4b89-8f0a-dadb2f624f20.png?v=1770719529
Pawpourri Nylon Webbing Leash & Collar for Cats & Dogs (Black)	S/M|M/L	849	1049	image4194_ab2a2132-60d1-4ba5-ba48-31c852e999af.png?v=1770719339
Pawpourri Nylon Webbing Leash & Collar for Cats & Dogs (Pink)	S/M|M/L	849	1049	image4195_86802acf-f5be-49a7-866a-83befbdff7c6.png?v=1770717003
Pet Set Go Coloured Mat for Dogs (Red)	S|M|L	899	999	Frame_1984097196.png?v=1783405252
Pet Set Go Coloured Mat for Dogs (Blue)	S|M|L	899	999	Frame_1984097205.png?v=1783405252
Pet Set Go Coloured Mat for Dogs (Yellow)	S|M|L	899	999	Frame_1984097183.png?v=1783405252
Pet Set Go Coloured Mat for Dogs (Lavender)	S|M|L	899	999	Frame_1984097179.png?v=1783405252
Glucklich Everyday Reflective Collar for Dogs (Cherry Pink)	XS:8-12in Neck|S:12-18in Neck|M:18-22in Neck|L:22-26in Neck	169	199	StripImages_19_17dd9684-018b-4fa6-bb7a-41e6c7ce3414.png?v=1752064998
Glucklich Everyday Reflective Collar for Dogs (Mint Green)	XS:8-12in Neck|S:12-18in Neck|M:18-22in Neck|L:22-26in Neck	169	199	StripImages_20_002230b2-0ff8-491f-b0a8-3a7014726b0d.png?v=1752065360
Basil Printed Collar for Cats & Puppies (Purple)	18-28cm	113	125	Purple_5.png?v=1776939640
Basil Printed Collar for Cats & Puppies (Red)	18-28cm	113	125	Red_1.png?v=1776939640
HUFT Xplorers Rope Leash for Dogs (Red)	5ft	1529	1699	HUFT_Xplorers_Rope_Leash_With_Carabiner_For_Dog_-_Red_-_5_ft_07.jpg?v=1774347621
HUFT Xplorers Rope Leash for Dogs (Orange)	5ft	1529	1699	HUFT_Xplorers_Rope_Leash_With_Carabiner_For_Dog_-_Orange_-_5_ft_06.jpg?v=1774347505
HUFT Xplorers Rope Leash for Dogs (Black)	5ft	1529	1699	HUFT_Xplorers_Rope_Leash_With_Carabiner_For_Dog_-_Black_-_5_ft_07.jpg?v=1774347399
